{"cameraMode":{"drawMode":0,"name":"Shaded","section":"Shading Mode"},"sceneLighting":false,"audioPlay":false,"sceneViewState":{"showFog":true,"showMaterialUpdate":true,"showSkybox":true,"showFlares":true,"showImageEffects":true,"showParticleSystems":true},"in2DMode":false,"pivot":{"x":11.774214744567871,"y":16.079999923706056,"z":3.7799997329711916},"rotation":{"x":0.1992075890302658,"y":-0.7902694344520569,"z":0.47566118836402895,"w":0.3309638500213623},"size":2.8578834533691408,"orthographic":false}