{"cameraMode":{"drawMode":0,"name":"Shaded","section":"Shading Mode"},"sceneLighting":false,"audioPlay":false,"sceneViewState":{"showFog":true,"showMaterialUpdate":true,"showSkybox":true,"showFlares":true,"showImageEffects":true,"showParticleSystems":true},"in2DMode":false,"pivot":{"x":1.634843349456787,"y":2.451148509979248,"z":1.651322841644287},"rotation":{"x":0.11430160701274872,"y":-0.8266755938529968,"z":0.18166318535804749,"w":0.5201356410980225},"size":2.033452272415161,"orthographic":false}