{"cameraMode":{"drawMode":0,"name":"Shaded","section":"Shading Mode"},"sceneLighting":false,"audioPlay":false,"sceneViewState":{"showFog":true,"showMaterialUpdate":true,"showSkybox":false,"showFlares":true,"showImageEffects":true,"showParticleSystems":true},"in2DMode":false,"pivot":{"x":12.621986389160157,"y":8.489925384521485,"z":1.752166748046875},"rotation":{"x":-0.09780637174844742,"y":0.6252681612968445,"z":-0.07939743995666504,"w":-0.7701969146728516},"size":22.0,"orthographic":false}