{"cameraMode":{"drawMode":0,"name":"Shaded","section":"Shading Mode"},"sceneLighting":false,"audioPlay":false,"sceneViewState":{"showFog":false,"showMaterialUpdate":false,"showSkybox":false,"showFlares":false,"showImageEffects":false,"showParticleSystems":false},"in2DMode":false,"pivot":{"x":3.6303844451904299,"y":5.442562103271484,"z":4.757029056549072},"rotation":{"x":-0.11673679947853089,"y":0.8831801414489746,"z":-0.31471163034439089,"w":-0.3276004195213318},"size":2.8578836917877199,"orthographic":false}