{"cameraMode":{"drawMode":0,"name":"Shaded","section":"Shading Mode"},"sceneLighting":false,"audioPlay":false,"sceneViewState":{"showFog":true,"showMaterialUpdate":true,"showSkybox":false,"showFlares":true,"showImageEffects":true,"showParticleSystems":true},"in2DMode":false,"pivot":{"x":12.621986389160157,"y":8.489925384521485,"z":1.752166748046875},"rotation":{"x":-0.23047395050525666,"y":0.21876154839992524,"z":-0.05325828492641449,"w":-0.9466768503189087},"size":22.0,"orthographic":false}