{"cameraMode":{"drawMode":0,"name":"Shaded","section":"Shading Mode"},"sceneLighting":false,"audioPlay":false,"sceneViewState":{"showFog":true,"showMaterialUpdate":true,"showSkybox":true,"showFlares":true,"showImageEffects":true,"showParticleSystems":true},"in2DMode":false,"pivot":{"x":5.995570182800293,"y":14.971616744995118,"z":7.152737140655518},"rotation":{"x":0.1992075890302658,"y":-0.7902694344520569,"z":0.47566118836402895,"w":0.3309638500213623},"size":22.0,"orthographic":false}