{"cameraMode":{"drawMode":0,"name":"Shaded","section":"Shading Mode"},"sceneLighting":false,"audioPlay":false,"sceneViewState":{"showFog":true,"showMaterialUpdate":true,"showSkybox":false,"showFlares":true,"showImageEffects":true,"showParticleSystems":true},"in2DMode":false,"pivot":{"x":-1.5037449598312379,"y":0.18874333798885346,"z":1.9495924711227418},"rotation":{"x":-0.09095773845911026,"y":0.8360241055488586,"z":-0.14592939615249635,"w":-0.5211040377616882},"size":13.659981727600098,"orthographic":false}