{"cameraMode":{"drawMode":0,"name":"Shaded","section":"Shading Mode"},"sceneLighting":false,"audioPlay":false,"sceneViewState":{"showFog":true,"showMaterialUpdate":true,"showSkybox":true,"showFlares":true,"showImageEffects":true,"showParticleSystems":true},"in2DMode":false,"pivot":{"x":-3.6566364765167238,"y":6.845799922943115,"z":1.146602749824524},"rotation":{"x":0.07412192225456238,"y":-0.7135602235794067,"z":0.07637866586446762,"w":0.692467451095581},"size":21.98728370666504,"orthographic":false}