{"cameraMode":{"drawMode":0,"name":"Shaded","section":"Shading Mode"},"sceneLighting":false,"audioPlay":false,"sceneViewState":{"showFog":false,"showMaterialUpdate":false,"showSkybox":false,"showFlares":false,"showImageEffects":false,"showParticleSystems":false},"in2DMode":false,"pivot":{"x":1.4703123569488526,"y":0.07427167892456055,"z":-0.2617151737213135},"rotation":{"x":-0.0073374486528337,"y":0.981119692325592,"z":-0.18951450288295747,"w":-0.03798828274011612},"size":2.5578837394714357,"orthographic":false}