{"cameraMode":{"drawMode":0,"name":"Shaded","section":"Shading Mode"},"sceneLighting":false,"audioPlay":false,"sceneViewState":{"showFog":true,"showMaterialUpdate":true,"showSkybox":true,"showFlares":true,"showImageEffects":true,"showParticleSystems":true},"in2DMode":false,"pivot":{"x":6.895857810974121,"y":15.286087036132813,"z":5.392004013061523},"rotation":{"x":0.1992075890302658,"y":-0.7902694344520569,"z":0.47566118836402895,"w":0.3309638500213623},"size":2.8578836917877199,"orthographic":false}